keyword,language,topic,topicColor,keywordColor,limitPages,ratioNew,continent,gnd,geonames,latitude,longitude,geotype,country,ipcc
'Myanmar',de,Myanmar,#a744ea,#a744ea,2,0.890000000000,ASIA,4069500-1,1327865,21.000000000000,96.000000000000,A,Myanmar,SAS
'Bolivien',de,Bolivia,#24c215,#24c215,1,0.890000000000,SOUTH-AMERICA,4007607-6,3923057,-17.000000000000,-65.000000000000,A,Bolivia,SAM
'Britische Jungferninseln',de,British Virgin Islands,#4ce93f,#4ce93f,2,0.890000000000,CENTRAL-AMERICA,4063590-9,3577718,18.500000000000,-64.500000000000,A,Britische Jungferninseln,CAR
'McDonald-Inseln',de,Heard Island and McDonald Islands,#A67724,#A67724,1,0.890000000000,SOUTHERN,4451482-7,1547314,-53.117110000000,73.509520000000,A,Heard Island and McDonald Islands,SOO
'Türkei',de,Turkey,#F547D7,#F547D7,3,0.879738502204,EUROPE-AFRICA,4002075-7,323786,39.919870000000,32.854270000000,P,Turkey,MED
'Ankara',de,Turkey,#6aa6ee,#6aa6ee,3,0.875153947320,EUROPE-AFRICA,4002075-7,323786,39.919870000000,32.854270000000,P,Turkey,MED
'Nay Pyi Taw',de,Myanmar,#00E52D,#00E52D,2,0.865450045000,ASIA,4069500-1,1327865,21.000000000000,96.000000000000,A,Myanmar,SAS
'Naypyidaw',de,Myanmar,#00E52D,#00E52D,2,0.865450045000,ASIA,4069500-1,1327865,21.000000000000,96.000000000000,A,Myanmar,SAS
'Saint Eustatius',de,Bonaire; Saint Eustatius and Saba ,#B949C3,#B949C3,1,0.841500000000,,,-1,12.212860000000,-68.294450000000,,,
'Bonaire',de,Bonaire; Saint Eustatius and Saba ,#B949C3,#B949C3,1,0.841500000000,,,-1,12.212860000000,-68.294450000000,,,
'Antarktis',de,Antarctica,#073546,#073546,3,0.839387797477,POLAR,4002208-0,6255152,-78.158560000000,16.406260000000,L,Antarctica,EAN
'Malediven',de,Maldives,#B2DAB1,#B2DAB1,3,0.834750870000,INDIAN,4037212-1,1282028,3.200000000000,73.000000000000,A,Maldives,EIO
'Ostjerusalem',de,Palestinian Territory,#5a96ec,#5a96ec,1,0.822508179737,EUROPE-AFRICA,4485908-9,7303419,31.783360000000,35.233880000000,P,Palestinian Territory,MED
'Palästinensisches Gebiet',de,Palestinian Territory,#BC87DE,#BC87DE,2,0.816350135000,EUROPE-AFRICA,,7303419,31.783360000000,35.233880000000,P,Palestinian Territory,MED
'Vatikan',de,Vatican,#6ed4ee,#6ed4ee,2,0.811513592948,EUROPE-AFRICA,4062404-3,3164670,41.902250000000,12.453300000000,A,Vatican,MED
'Reunion',de,Reunion,#A9621E,#A9621E,3,0.783587533636,INDIAN,4049639-9,935264,-20.882310000000,55.450400000000,P,Réunion,SIO
'Tokelau',de,Tokelau,#d23017,#d23017,2,0.782128240109,PACIFIC,4236941-1,4031074,-9.167000000000,-171.830000000000,A,Tokelau,EPO
'Flying Fish Cove',de,Christmas Island,#a417d0,#a417d0,2,0.766666666667,INDIAN,,2078127,-10.421720000000,105.679120000000,P,Christmas Island,SIO
'Weihnachtsinsel',de,Christmas Island,#a317d0,#a317d0,2,0.766666666667,INDIAN,4219436-2,2078138,-10.500000000000,105.666670000000,A,Christmas Island,SIO
'Road Town',de,British Virgin Islands,#59BF10,#59BF10,1,0.765000030000,CENTRAL-AMERICA,4063590-9,3577718,18.500000000000,-64.500000000000,A,British Virgin Islands,CAR
'Französische Südgebiete',de,French Southern Territories,#377C29,#377C29,1,0.765000000000,SOUTHERN,4510620-4,1546102,-49.349160000000,70.219370000000,P,French Southern Territories,SOO
'Kleinere vorgelagerte Inseln der Vereinigten Staaten',de,United States Minor Outlying Islands,#7A7B38,#7A7B38,1,0.765000000000,PACIFIC,4451497-9,5854968,5.875000000000,-162.057000000000,A,U.S. Outlying Islands,EPO
'Heard-Insel und McDonald-Inseln',de,Heard Island and McDonald Islands,#A67724,#A67724,1,0.760000000000,SOUTHERN,4451482-7,1547314,-53.117110000000,73.509520000000,A,Heard Island and McDonald Islands,SOO
'Heard-Insel',de,Heard Island and McDonald Islands,#A67724,#A67724,1,0.756982025168,SOUTHERN,4451482-7,1547314,-53.117110000000,73.509520000000,A,Heard Island and McDonald Islands,SOO
'Port-aux-Francais',de,French Southern Territories,#210e80,#210e80,1,0.756500000000,SOUTHERN,,1546102,-49.349160000000,70.219370000000,P,French Southern Territories,SOO
'Vatikanstadt',de,Vatican,#6ed4ee,#6ed4ee,2,0.739062533919,EUROPE-AFRICA,4062404-3,3164670,41.902250000000,12.453300000000,A,Vatican,MED
'Westinsel',de,Cocos Islands,#bae7f7,#bae7f7,1,0.722500000000,ARCTIC,,2728573,78.750000000000,16.000000000000,T,Spitzbergen und Jan Mayen,ARO
'Kokosinseln',de,Cocos Islands,#8616cc,#8616cc,1,0.722500000000,INDIAN,4298716-7,1547376,-12.164200000000,96.873320000000,A,Kokosinseln,SIO
'Grytviken',de,South Georgia and the South Sandwich Islands,#0d7636,#0d7636,1,0.722500000000,SOUTHERN,1174011807,3426466,-54.281110000000,-36.509200000000,P,South Georgia and the South Sandwich Islands,SOO
'Adamstown',de,Pitcairn,#b29713,#b29713,1,0.722500000000,PACIFIC,,4030723,-25.065970000000,-130.101470000000,P,Pitcairn,SPO
'Pitcairn',de,Pitcairn,#b29713,#b29713,1,0.722500000000,PACIFIC,4115982-2,4030699,-25.066670000000,-130.100000000000,A,Pitcairn,SPO
'Südgeorgien und die Südlichen Sandwichinseln',de,South Georgia and the South Sandwich Islands,#0c733a,#0c733a,1,0.722500000000,SOUTHERN,4451507-8,3474415,-56.000000000000,-33.000000000000,A,Südgeorgien und die Südlichen Sandwichinseln,SOO
'Bouvetinsel',de,Bouvet Island,#0d7076,#0d7076,1,0.722500000000,SOUTHERN,4450775-6,3371123,-54.433330000000,3.400000000000,A,Bouvet Island,SOO
'Norfolkinsel',de,Norfolk Island,#aa1231,#aa1231,2,0.647045951860,PACIFIC,4294928-2,2155115,-29.033330000000,167.950000000000,A,Norfolk Island,SPO
'Niue',de,Niue,#be3115,#be3115,2,0.561680517082,PACIFIC,4293521-0,4036232,-19.033330000000,-169.866670000000,A,Niue,SPO
'Alofi',de,Niue,#be3115,#be3115,2,0.561680517082,PACIFIC,4290878-4,4036284,-19.052940000000,-169.919570000000,P,Niue,SPO
'Longyearbyen',de,Svalbard and Jan Mayen,#b9e7f7,#b9e7f7,2,0.492156862745,ARCTIC,4099794-7,2729907,78.223340000000,15.646890000000,P,Spitzbergen und Jan Mayen,ARO
'Spitzbergen und Jan Mayen',de,Svalbard and Jan Mayen,#b9e7f7,#b9e7f7,2,0.492156862745,ARCTIC,4056316-9,2729907,78.223340000000,15.646890000000,P,Spitzbergen und Jan Mayen,ARO
'Stanley',de,Falkland Islands,#0d7c11,#0d7c11,2,0.479075056861,SOUTH-AMERICA,4030866-2,3426691,-51.693820000000,-57.857010000000,P,Falkland Islands,SSA
'Falklandinseln',de,Falkland Islands,#0d7b0f,#0d7b0f,2,0.479075056861,SOUTH-AMERICA,4071109-2,3474414,-51.750000000000,-59.166670000000,A,Falkland Islands,SSA
'Britisches Territorium im Indischen Ozean',de,British Indian Ocean Territory,#3e18d9,#3e18d9,2,0.350000000000,INDIAN,4480858-6,1282588,-6.000000000000,72.000000000000,A,Britisches Territorium im Indischen Ozean,EIO
'Diego Garcia',de,British Indian Ocean Territory,#3f17d6,#3f17d6,2,0.350000000000,INDIAN,4090770-3,1282575,-7.312640000000,72.451610000000,T,Britisches Territorium im Indischen Ozean,EIO
'Saint-Pierre und Miquelon',de,Saint Pierre and Miquelon,#79f080,#79f080,2,0.242612664005,NORTH-AMERICA,4198311-7,3424932,46.833330000000,-56.333330000000,A,Saint Pierre and Miquelon,ENA
'Saint-Pierre',de,Saint Pierre and Miquelon,#93c2f3,#93c2f3,2,0.242612664005,EUROPE,2034200-7,498817,59.938630000000,30.314130000000,P,Russia,NEU
'Jamestown',de,Saint Helena,#15c5b4,#15c5b4,2,0.234048257373,ATLANTIC,4495755-5,3370903,-15.924880000000,-5.718160000000,P,St. Helena,SAO
'St. Helena',de,Saint Helena,#15c4b4,#15c4b4,2,0.234048257373,ATLANTIC,4051605-2,3370751,-15.950000000000,-5.700000000000,A,Saint Helena,SAO
'Sankt Barthélemy',de,Saint Barthelemy,#46e93e,#46e93e,2,0.218343195266,CENTRAL-AMERICA,4271726-7,3578476,17.900000000000,-62.825700000000,A,Saint Barthelemy,CAR
'Gustavia',de,Saint Barthelemy,#46e93e,#46e93e,2,0.218343195266,CENTRAL-AMERICA,16049949-5,3579132,17.896180000000,-62.849780000000,P,Saint Barthelemy,CAR
'Montserrat',de,Montserrat,#42e93b,#42e93b,2,0.207054919174,CENTRAL-AMERICA,4274693-0,3578097,16.750000000000,-62.200000000000,A,Montserrat,CAR
'Plymouth',de,Montserrat,#95101d,#95101d,2,0.207054919174,OCEANIA,4117855-5,2186239,-39.066670000000,174.083330000000,P,New Zealand,NZ
'Tuvalu',de,Tuvalu,#d4171a,#d4171a,2,0.186896072298,PACIFIC,14679-1,2110297,-8.517190000000,179.144780000000,A,Tuvalu,EPO
'Funafuti',de,Tuvalu,#d4171a,#d4171a,2,0.186896072298,PACIFIC,131634195X,2110394,-8.524250000000,179.194170000000,P,Tuvalu,EPO
'Yaren',de,Nauru,#e41945,#e41945,2,0.178715365239,PACIFIC,1345101821,7626461,-0.550850000000,166.925200000000,P,Nauru,EPO
'Nauru',de,Nauru,#e41945,#e41945,2,0.178715365239,PACIFIC,4122008-0,2110425,-0.517000000000,166.933000000000,A,Nauru,EPO
'Das Tal',de,Anguilla,#18d968,#18d968,2,0.175448921080,SOUTH-AMERICA,114801506X,12109014,-5.823100000000,-35.189640000000,L,Brazil,NES
'Anguilla',de,Anguilla,#47e93e,#47e93e,2,0.175448921080,CENTRAL-AMERICA,4426211-5,3573511,18.216670000000,-63.050000000000,A,Anguilla,CAR
'Mata Utu',de,Wallis and Futuna,#ca2116,#ca2116,2,0.162402496100,PACIFIC,,4034821,-13.281630000000,-176.174530000000,P,Wallis and Futuna,SPO
'Wallis und Futuna',de,Wallis and Futuna,#ca2116,#ca2116,2,0.162402496100,PACIFIC,4210894-9,4034749,-13.300000000000,-176.200000000000,A,Wallis and Futuna,SPO
'Melekeok',de,Palau,#e728b8,#e728b8,2,0.155844083319,PACIFIC,7621948-3,4037930,7.494000000000,134.634500000000,A,Palau,EPO
'Palau',de,Palau,#e728b8,#e728b8,2,0.155844083319,PACIFIC,4044396-6,1559582,7.503000000000,134.621000000000,A,Palau,EPO
'Nan',de,Bonaire; Saint Eustatius and Saba ,#ea48ea,#ea48ea,2,0.155518543193,ASIA,4454720-1,1668355,22.990830000000,120.213330000000,P,Taiwan,EAS
'Cookinseln',de,Cook Islands,#ba4c14,#ba4c14,2,0.146755189826,PACIFIC,4230226-2,1899402,-21.248420000000,-159.785160000000,A,Cook Islands,SPO
'Avarua',de,Cook Islands,#ba4c14,#ba4c14,2,0.146755189826,PACIFIC,3014455-3,4035715,-21.207500000000,-159.775460000000,P,Cook Islands,SPO
'Mariehamn',de,Aland Islands,#94d3f3,#94d3f3,2,0.137437759724,EUROPE,4229233-5,3041732,60.097260000000,19.934810000000,P,Aland Islands,NEU
'Aland-Inseln',de,Aland Islands,#94d3f3,#94d3f3,2,0.137437759724,EUROPE,4001012-0,661883,60.250000000000,20.000000000000,T,Aland Islands,NEU
'Gibraltar',de,Gibraltar,#63ede1,#63ede1,2,0.129657749570,EUROPE-AFRICA,4605126-0,2411585,36.144740000000,-5.352570000000,P,Gibraltar,MED
'San Marino',de,San Marino,#73d5ef,#73d5ef,2,0.129598934438,EUROPE-AFRICA,4051524-2,3168068,43.936700000000,12.446300000000,A,San Marino,MED
'Marigot',de,Saint Martin,#47e93e,#47e93e,2,0.126835551739,CENTRAL-AMERICA,,3578851,18.068190000000,-63.083020000000,P,Saint Martin,CAR
'Sankt Martin',de,Saint Martin,#7dccf0,#7dccf0,2,0.126835551739,EUROPE,4198515-1,3058780,49.066510000000,18.923990000000,P,Slovakia,WCE
'Turks- und Caicosinseln',de,Turks and Caicos Islands,#65ea45,#65ea45,2,0.126549847338,CENTRAL-AMERICA,4285170-1,3576916,21.733330000000,-71.583330000000,A,Turks and Caicos Islands,CAR
'Cockburn Town',de,Turks and Caicos Islands,#63ea45,#63ea45,2,0.126549847338,CENTRAL-AMERICA,3041557-3,3576994,21.461220000000,-71.141880000000,P,Turks and Caicos Islands,CAR
'Vaduz',de,Liechtenstein,#79ddf0,#79ddf0,2,0.126378264310,EUROPE,4062244-7,3042030,47.141510000000,9.521540000000,P,Liechtenstein,WCE
'Liechtenstein',de,Liechtenstein,#79ddf0,#79ddf0,2,0.126378264310,EUROPE,4035665-6,3042058,47.166670000000,9.533330000000,A,Liechtenstein,WCE
'Monaco',de,Monaco,#72dfef,#72dfef,2,0.125851817383,EUROPE-AFRICA,4040031-1,2993457,43.731410000000,7.419030000000,A,Monaco,MED
'Sint Maarten',de,Sint Maarten,#47e93e,#47e93e,2,0.124597825552,CENTRAL-AMERICA,7589556-0,7609695,18.041670000000,-63.066670000000,A,Sint Maarten,CAR
'Philipsburg',de,Sint Maarten,#46e93e,#46e93e,2,0.124597825552,CENTRAL-AMERICA,1296468429,3513392,18.026000000000,-63.045820000000,P,Sint Maarten,CAR
'Färöer-Inseln',de,Faroe Islands,#97f3e8,#97f3e8,2,0.120619832155,EUROPE,4016258-8,2622320,62.000000000000,-7.000000000000,A,Färöer,NEU
'Tórshavn',de,Faroe Islands,#97f3e9,#97f3e9,2,0.120619832155,EUROPE,4453152-7,2611396,62.009730000000,-6.771640000000,P,Faroe Islands,NEU
'Basseterre',de,Saint Kitts and Nevis,#44e93c,#44e93c,2,0.119069049027,CENTRAL-AMERICA,4631228-6,3575551,17.295500000000,-62.724990000000,P,Saint Kitts and Nevis,CAR
'St. Kitts und Nevis',de,Saint Kitts and Nevis,#44e93c,#44e93c,2,0.119069049027,CENTRAL-AMERICA,4118251-0,3575174,17.333330000000,-62.750000000000,A,Saint Kitts and Nevis,CAR
'Amerikanisch-Samoa',de,American Samoa,#c83516,#c83516,2,0.118029387902,PACIFIC,4085684-7,5880801,-14.233770000000,-169.477670000000,A,Amerikanisch-Samoa,SPO
'Pago Pago',de,American Samoa,#c83116,#c83116,2,0.118029387902,PACIFIC,7636942-0,5881576,-14.278060000000,-170.702500000000,P,Amerikanisch-Samoa,SPO
'Nuuk',de,Greenland,#9cf4a8,#9cf4a8,2,0.117849174476,POLAR,671310-5,3421319,64.183470000000,-51.721570000000,P,Grönland,GIC
'Grönland',de,Greenland,#acf5c4,#acf5c4,2,0.117849174476,POLAR,4022113-1,3425505,72.000000000000,-40.000000000000,A,Greenland,GIC
'Saipan',de,Northern Mariana Islands,#e8389d,#e8389d,2,0.117580253859,PACIFIC,16065128-1,7828758,15.212330000000,145.754500000000,P,Northern Mariana Islands,NPO
'Nördliche Marianen',de,Northern Mariana Islands,#e8389d,#e8389d,2,0.117580253859,PACIFIC,4249308-0,4041468,15.214000000000,145.756000000000,A,Northern Mariana Islands,NPO
'Israel',de,Israel,#5997ec,#5997ec,2,0.117421477329,EUROPE-AFRICA,4027808-6,294640,31.500000000000,34.750000000000,A,Israel,MED
'Majuro',de,Marshall Islands,#e72743,#e72743,2,0.117119476829,PACIFIC,4646776-2,2113779,7.089710000000,171.380270000000,P,Marshall Islands,EPO
'Marshallinseln',de,Marshall Islands,#e72843,#e72843,2,0.117119476829,PACIFIC,4037700-3,2080185,7.113000000000,171.236000000000,A,Marshallinseln,EPO
'Bermuda',de,Bermuda,#66ec5b,#66ec5b,2,0.116864070758,ATLANTIC,4005759-8,3573345,32.330220000000,-64.740030000000,A,Bermuda,NAO
'Hamilton',de,Bermuda,#66ec5b,#66ec5b,2,0.115632816408,ATLANTIC,4267270-3,3573197,32.294900000000,-64.783030000000,P,Bermuda,NAO
'Kaimaninseln',de,Cayman Islands,#7be941,#7be941,2,0.115582634712,CENTRAL-AMERICA,4310479-4,3580718,19.500000000000,-80.666670000000,A,Kaimaninseln,CAR
'George Town',de,Cayman Islands,#7de940,#7de940,2,0.115582634712,CENTRAL-AMERICA,7543978-5,3580661,19.286600000000,-81.374360000000,P,Cayman Islands,CAR
'Guernsey',de,Guernsey,#7ef0eb,#7ef0eb,2,0.115330839517,EUROPE,4022467-3,3042362,49.454740000000,-2.576290000000,A,Guernsey,WCE
'St. Peter Port',de,Guernsey,#7ef0eb,#7ef0eb,2,0.115330839517,EUROPE,4663679-1,3042287,49.459810000000,-2.535270000000,P,Guernsey,WCE
'Roseau',de,Dominica,#3ce838,#3ce838,2,0.113961605585,CENTRAL-AMERICA,4602308-2,3575635,15.301740000000,-61.388080000000,P,Dominica,CAR
'Dominica',de,Dominica,#3de939,#3de939,2,0.113961605585,CENTRAL-AMERICA,4085456-5,3575830,15.500000000000,-61.333330000000,A,Dominica,CAR
'Andorra',de,Andorra,#70ebef,#70ebef,2,0.112986001091,EUROPE-AFRICA,4001937-8,3041565,42.550000000000,1.583330000000,A,Andorra,MED
'Andorra la Vella',de,Andorra,#70ebef,#70ebef,2,0.112986001091,EUROPE-AFRICA,4355876-8,3041563,42.507790000000,1.521090000000,P,Andorra,MED
'Insel Man',de,Isle of Man,#88f1e9,#88f1e9,2,0.111893859200,EUROPE,4027756-2,3042225,54.250000000000,-4.500000000000,A,Isle of Man,NEU
'Douglas',de,Isle of Man,#87f1e9,#87f1e9,2,0.111893859200,EUROPE,4268534-5,3042237,54.150000000000,-4.483330000000,P,Isle of Man,NEU
'Rom',de,Italy,#6ed4ee,#6ed4ee,2,0.111163038679,EUROPE-AFRICA,4050471-2,3169070,41.891930000000,12.511330000000,P,Italy,MED
'Jersey',de,Jersey,#7df0ec,#7df0ec,2,0.111011760560,EUROPE,4028585-6,3042142,49.216670000000,-2.116670000000,A,Jersey,WCE
'Saint Helier',de,Jersey,#7df0ec,#7df0ec,2,0.111011760560,EUROPE,4539859-8,3042091,49.188040000000,-2.104910000000,P,Jersey,WCE
'Antigua und Barbuda',de,Antigua and Barbuda,#41e93c,#41e93c,2,0.110385725858,CENTRAL-AMERICA,4086593-9,3576396,17.050000000000,-61.800000000000,A,Antigua and Barbuda,CAR
'St. John's',de,Antigua and Barbuda,#41e93c,#41e93c,2,0.110385725858,CENTRAL-AMERICA,4518159-7,3576022,17.120960000000,-61.843290000000,P,Antigua and Barbuda,CAR
'Seychellen',de,Seychelles,#1826dc,#1826dc,2,0.110334635497,INDIAN,4054694-9,241170,-4.583330000000,55.666670000000,A,Seychellen,EIO
'Victoria',de,Seychelles,#1827dc,#1827dc,2,0.110334635497,INDIAN,4449958-9,241131,-4.620010000000,55.455010000000,P,Seychellen,EIO
'Tonga',de,Tonga,#bc2214,#bc2214,2,0.109690204173,PACIFIC,4060396-9,4032283,-20.000000000000,-175.000000000000,A,Tonga,SPO
'Nuku'alofa',de,Tonga,#ba2114,#ba2114,2,0.109690204173,PACIFIC,7577344-2,4032402,-21.136830000000,-175.201140000000,P,Tonga,SPO
'Aruba',de,Aruba,#51e832,#51e832,2,0.109447777410,CENTRAL-AMERICA,4079840-9,3577279,12.500000000000,-69.966670000000,A,Aruba,CAR
'Oranjestad',de,Aruba,#51e833,#51e833,2,0.109447777410,CENTRAL-AMERICA,5111369-7,3577154,12.523980000000,-70.027030000000,P,Aruba,CAR
'Charlotte Amalie',de,U.S. Virgin Islands,#4ce93e,#4ce93e,2,0.109347803734,CENTRAL-AMERICA,16339843-4,4795467,18.341900000000,-64.930700000000,P,U.S. Virgin Islands,CAR
'Amerikanische Jungferninseln',de,U.S. Virgin Islands,#4de93e,#4de93e,2,0.109347803734,CENTRAL-AMERICA,4108287-4,4796775,18.348290000000,-64.983480000000,A,U.S. Virgin Islands,CAR
'St. Vincent und die Grenadinen',de,Saint Vincent and the Grenadines,#37e834,#37e834,2,0.109073504460,CENTRAL-AMERICA,4051308-7,3577815,13.083330000000,-61.200000000000,A,St. Vincent und die Grenadinen,CAR
'Kingstown',de,Saint Vincent and the Grenadines,#38e834,#38e834,2,0.109073504460,CENTRAL-AMERICA,7543368-0,3577887,13.155270000000,-61.227420000000,P,St. Vincent und die Grenadinen,CAR
'St. George's',de,Grenada,#37e832,#37e832,2,0.108972311447,CENTRAL-AMERICA,4740417-6,3579925,12.052880000000,-61.752260000000,P,Grenada,CAR
'Grenada',de,Grenada,#37e832,#37e832,2,0.108972311447,CENTRAL-AMERICA,4021981-1,3580239,12.116670000000,-61.666670000000,A,Grenada,CAR
'Palikir',de,Micronesia,#e7276d,#e7276d,2,0.108877840909,PACIFIC,4838196-2,2081986,6.924770000000,158.161090000000,P,Micronesia,EPO
'Mikronesien',de,Micronesia,#e6265a,#e6265a,2,0.108877840909,PACIFIC,4274661-9,7729900,6.533650000000,163.740230000000,L,Micronesia,EPO
'Tarawa',de,Kiribati,#e51c33,#e51c33,2,0.108632075065,PACIFIC,4343979-2,2110257,1.327800000000,172.976960000000,P,Kiribati,EPO
'Kiribati',de,Kiribati,#e51c33,#e51c33,2,0.108632075065,PACIFIC,4073459-6,4030945,1.421000000000,172.984000000000,A,Kiribati,EPO
'Kuba',de,Cuba,#7bea46,#7bea46,2,0.106288546422,CENTRAL-AMERICA,4033340-1,3562981,22.000000000000,-79.500000000000,A,Cuba,CAR
'Curaçao',de,Curacao,#4de832,#4de832,2,0.106255904009,CENTRAL-AMERICA,4010774-7,7626836,12.166670000000,-68.966670000000,A,Curacao,CAR
'Ukraine',de,Ukraine,#7db3f0,#7db3f0,2,0.106222967884,EUROPE,4061496-7,690791,49.000000000000,32.000000000000,A,Ukraine,WCE
'Deutschland',de,Germany,#82ddf1,#82ddf1,2,0.106212649237,EUROPE,4011882-4,2921044,51.500000000000,10.500000000000,A,Germany,WCE
'Guam',de,Guam,#e8349e,#e8349e,2,0.106032527388,PACIFIC,4267701-4,4043988,13.478610000000,144.818340000000,A,Guam,NPO
'Hagatna',de,Guam,#e8349e,#e8349e,2,0.106032527388,PACIFIC,,4044012,13.475670000000,144.748860000000,P,Guam,NPO
'St. Lucia',de,Saint Lucia,#38e835,#38e835,2,0.105497858584,CENTRAL-AMERICA,4051307-5,3576468,13.883330000000,-60.966670000000,A,Saint Lucia,CAR
'Castries',de,Saint Lucia,#39e836,#39e836,2,0.105497858584,CENTRAL-AMERICA,7543968-2,3576812,13.995700000000,-61.006140000000,P,Saint Lucia,CAR
'Island',de,Iceland,#9ef4da,#9ef4da,2,0.105307294391,POLAR,4027754-9,2629691,65.000000000000,-18.000000000000,A,Iceland,GIC
'Cayenne',de,French Guiana,#23e63c,#23e63c,2,0.105114932534,SOUTH-AMERICA,4085187-4,3382160,4.938100000000,-52.334550000000,P,Französisch-Guayana,NSA
'Französisch-Guayana',de,French Guiana,#21e638,#21e638,2,0.105114932534,SOUTH-AMERICA,4018184-4,3381670,4.000000000000,-53.000000000000,A,French Guiana,NSA
'Samoa',de,Samoa,#c92d16,#c92d16,2,0.105098659053,PACIFIC,4079249-3,4034894,-13.800000000000,-172.133330000000,A,Samoa,SPO
'Apia',de,Samoa,#c92e16,#c92e16,2,0.105098659053,PACIFIC,4329680-4,4035413,-13.833330000000,-171.766660000000,P,Samoa,SPO
'Bahamas',de,Bahamas,#7aeb4c,#7aeb4c,2,0.105072425708,NORTH-AMERICA,502239-3,3572887,25.040820000000,-77.371220000000,A,Bahamas,ENA
'São Tomé und Príncipe',de,Sao Tome and Principe,#1bcee5,#1bcee5,2,0.105058168943,AFRICA,4118426-9,2410758,1.000000000000,7.000000000000,A,São Tomé und Príncipe,WAF
'Sao Tome',de,Sao Tome and Principe,#14b538,#14b538,2,0.105058168943,SOUTH-AMERICA,4051667-2,3448439,-23.547500000000,-46.636110000000,P,Brazil,SES
'Russland',de,Russia,#d393f3,#d393f3,2,0.104968994494,ASIA,4076899-5,2017370,60.000000000000,100.000000000000,A,Russia,ESB
'Jamaika',de,Jamaica,#6fe93e,#6fe93e,2,0.104062838609,CENTRAL-AMERICA,127193-3,3489940,18.166670000000,-77.250000000000,A,Jamaica,CAR
'China',de,China,#ca60ed,#ca60ed,2,0.103723456804,ASIA,4009937-4,1814991,35.000000000000,105.000000000000,A,China,EAS
'Westsahara',de,Western Sahara,#4eebc5,#4eebc5,2,0.103662896325,AFRICA,1151358223,2463029,26.130730000000,-14.485130000000,P,Westsahara,SAH
'El-Aaiun',de,Western Sahara,#50ebc9,#50ebc9,2,0.103662896325,AFRICA,1151358223,2462881,27.141800000000,-13.187970000000,P,Western Sahara,SAH
'Papeete',de,French Polynesia,#c16c15,#c16c15,2,0.103601280615,PACIFIC,4755025-9,4033936,-17.534700000000,-149.568430000000,P,Französisch-Polynesien,SPO
'Französisch-Polynesien',de,French Polynesia,#c68b16,#c68b16,2,0.103601280615,PACIFIC,4018191-1,4030656,-15.000000000000,-140.000000000000,A,Französisch-Polynesien,SPO
'Mamoudzou',de,Mayotte,#1643cb,#1643cb,2,0.103578188792,AFRICA,4448128-7,921815,-12.782340000000,45.228780000000,P,Mayotte,MDG
'Mayotte',de,Mayotte,#1643cb,#1643cb,2,0.103578188792,AFRICA,4115054-5,1024031,-12.833330000000,45.166670000000,A,Mayotte,MDG
'Nouméa',de,New Caledonia,#b81439,#b81439,2,0.103520383018,PACIFIC,4248174-0,2139521,-22.274070000000,166.448840000000,P,New Caledonia,SPO
'Neukaledonien',de,New Caledonia,#b9143c,#b9143c,2,0.103520383018,PACIFIC,4102498-9,2139685,-21.500000000000,165.500000000000,A,New Caledonia,SPO
'Bridgetown',de,Barbados,#34e835,#34e835,2,0.103488684452,CENTRAL-AMERICA,4296876-8,3374036,13.107320000000,-59.620210000000,P,Barbados,CAR
'Barbados',de,Barbados,#34e835,#34e835,2,0.103488684452,CENTRAL-AMERICA,508803-3,3374084,13.164530000000,-59.551650000000,A,Barbados,CAR
'Port Vila',de,Vanuatu,#c11536,#c11536,2,0.103416700834,PACIFIC,4301367-3,2135171,-17.736480000000,168.313660000000,P,Vanuatu,SPO
'Vanuatu',de,Vanuatu,#c4153a,#c4153a,2,0.103416700834,PACIFIC,4062334-8,2134431,-16.333300000000,167.500000000000,A,Vanuatu,SPO
'Niederländische Antillen',de,Netherlands Antilles,#4de832,#4de832,2,0.103333333333,CENTRAL-AMERICA,4101202-1,8505032,12.117210000000,-68.919640000000,A,Netherlands Antilles,CAR
'Willemstad',de,Netherlands Antilles,#4de832,#4de832,2,0.103333333333,CENTRAL-AMERICA,4263439-8,3513090,12.122460000000,-68.886410000000,P,Netherlands Antilles,CAR
'Reykjavik',de,Iceland,#9cf4d4,#9cf4d4,2,0.102828262259,POLAR,4049708-2,3413829,64.135480000000,-21.895410000000,P,Iceland,GIC
'Honiara',de,Solomon Islands,#d21755,#d21755,2,0.102772463490,PACIFIC,4241310-2,2108502,-9.433330000000,159.950000000000,P,Solomon Islands,EPO
'Libanon',de,Lebanon,#5e97ed,#5e97ed,2,0.102628441039,EUROPE-AFRICA,4035567-6,272103,33.833330000000,35.833330000000,A,Lebanon,MED
'Belmopan',de,Belize,#8fe93c,#8fe93c,2,0.102610482130,CENTRAL-AMERICA,7543950-5,3582672,17.253760000000,-88.764010000000,P,Belize,SCA
'Belize',de,Belize,#8fe93c,#8fe93c,2,0.102610482130,CENTRAL-AMERICA,4005412-3,3582678,17.250000000000,-88.750000000000,A,Belize,SCA
'Jerusalem',de,Israel,#5a96ec,#5a96ec,2,0.102595039027,EUROPE-AFRICA,4028586-8,281184,31.769040000000,35.216330000000,P,Israel,MED
'Nassau',de,Bahamas,#7aeb4c,#7aeb4c,2,0.102593092003,NORTH-AMERICA,4521938-2,3571824,25.058230000000,-77.343060000000,P,Bahamas,ENA
'Ungarn',de,Hungary,#79c8f0,#79c8f0,2,0.102584854221,EUROPE,4078541-5,719819,47.000000000000,20.000000000000,A,Hungary,WCE
'Portugal',de,Portugal,#6aeedc,#6aeedc,2,0.102579753330,EUROPE-AFRICA,4046843-4,2264397,39.694500000000,-8.130570000000,A,Portugal,MED
'Lissabon',de,Portugal,#68eed9,#68eed9,2,0.102579753330,EUROPE-AFRICA,4035919-0,2267057,38.716670000000,-9.133330000000,P,Portugal,MED
'Italien',de,Italy,#70d4ef,#70d4ef,2,0.102499142410,EUROPE-AFRICA,4027833-5,3175395,42.833330000000,12.833330000000,A,Italy,MED
'Brunei',de,Brunei,#d522e6,#d522e6,2,0.102331208825,ASIA,4008479-6,1820814,4.500000000000,114.666670000000,A,Brunei,SEA
'Bandar Seri Begawan',de,Brunei,#d623e6,#d623e6,2,0.102331208825,ASIA,7517434-0,1820906,4.890350000000,114.940060000000,P,Brunei,SEA
'Fort-de-France',de,Martinique,#3ae837,#3ae837,2,0.102310002310,CENTRAL-AMERICA,4214648-3,3570675,14.603650000000,-61.074180000000,P,Martinique,CAR
'Martinique',de,Martinique,#3ae837,#3ae837,2,0.102310002310,CENTRAL-AMERICA,4037735-0,3570311,14.666670000000,-61.000000000000,A,Martinique,CAR
'Basse-Terre',de,Guadeloupe,#3fe93a,#3fe93a,2,0.102257336343,CENTRAL-AMERICA,4357513-4,3579732,15.997140000000,-61.732140000000,P,Guadeloupe,CAR
'Guadeloupe',de,Guadeloupe,#3fe93a,#3fe93a,2,0.102257336343,CENTRAL-AMERICA,4086841-2,3579143,16.250000000000,-61.583330000000,A,Guadeloupe,CAR
'Zypern',de,Cyprus,#60a0ed,#60a0ed,2,0.102082026619,EUROPE-AFRICA,4241756-9,146669,35.000000000000,33.000000000000,A,Cyprus,MED
'Malta',de,Malta,#62cced,#62cced,2,0.102068124005,EUROPE-AFRICA,508790-9,2562770,35.916670000000,14.433330000000,A,Malta,MED
'Valletta',de,Malta,#62cced,#62cced,2,0.102068124005,EUROPE-AFRICA,4119358-1,2562305,35.899680000000,14.514800000000,P,Malta,MED
'Male',de,Maldives,#B2DAB1,#B2DAB1,2,0.101939126927,INDIAN,4037212-1,1282028,3.200000000000,73.000000000000,A,Maldives,EIO
'Kap Verde',de,Cabo Verde,#3ae9a3,#3ae9a3,2,0.101839022964,ATLANTIC,4029617-9,3374766,16.000000000000,-24.000000000000,A,Kapverden,NAO
'Praia',de,Cabo Verde,#37e8a3,#37e8a3,2,0.101839022964,ATLANTIC,4566910-7,3374333,14.931520000000,-23.512540000000,P,Cabo Verde,NAO
'Paramaribo',de,Suriname,#25e635,#25e635,2,0.101736138238,SOUTH-AMERICA,4406196-1,3383330,5.866380000000,-55.166820000000,P,Suriname,NSA
'Surinam',de,Suriname,#21e62e,#21e62e,2,0.101736138238,SOUTH-AMERICA,134327-0,3382998,4.000000000000,-56.000000000000,A,Suriname,NSA
'Luxemburg',de,Luxembourg,#7ee5f0,#7ee5f0,2,0.101645472975,EUROPE,4036728-9,2960313,49.750000000000,6.166670000000,A,Luxembourg,WCE
'Montenegro',de,Montenegro,#70c6ef,#70c6ef,2,0.101606825796,EUROPE-AFRICA,4040163-7,3194884,42.750000000000,19.250000000000,A,Montenegro,MED
'Podgorica',de,Montenegro,#70c6ef,#70c6ef,2,0.101606825796,EUROPE-AFRICA,4120067-6,3193044,42.441110000000,19.263610000000,P,Montenegro,MED
'Macau',de,Macao,#d846ea,#d846ea,2,0.101583190318,ASIA,4036791-5,1821274,22.200560000000,113.546110000000,P,Macao,EAS
'Salomonen',de,Solomon Islands,#d5175a,#d5175a,2,0.101531726654,PACIFIC,4265796-9,2103350,-8.000000000000,159.000000000000,A,Solomon Islands,EPO
'Neuseeland',de,New Zealand,#8f0f1c,#8f0f1c,2,0.101446255867,OCEANIA,4041915-0,2186224,-42.000000000000,174.000000000000,A,New Zealand,NZ
'Vereinigte Arabische Emirate',de,United Arab Emirates,#4958ea,#4958ea,2,0.101345463126,ASIA,4062742-1,290557,23.750000000000,54.500000000000,A,United Arab Emirates,ARP
'Jordanien',de,Jordan,#5893ec,#5893ec,2,0.101342075249,EUROPE-AFRICA,4028750-6,248816,31.000000000000,36.000000000000,A,Jordan,MED
'Haiti',de,Haiti,#63e940,#63e940,2,0.101331542352,CENTRAL-AMERICA,4022974-9,3723988,19.075820000000,-72.296160000000,A,Haiti,CAR
'Belgien',de,Belgium,#81e8f1,#81e8f1,2,0.101329191256,EUROPE,4005406-8,2802361,50.750000000000,4.500000000000,A,Belgium,WCE
'Bhutan',de,Bhutan,#9f51eb,#9f51eb,2,0.101325567277,ASIA,4006397-5,1252634,27.500000000000,90.500000000000,A,Bhutan,TIB
'Thimphu',de,Bhutan,#9d51eb,#9d51eb,2,0.101325567277,ASIA,4745884-7,1252416,27.466090000000,89.641910000000,P,Bhutan,TIB
'Syrien',de,Syria,#6094ed,#6094ed,2,0.101300808707,EUROPE-AFRICA,4058794-0,163843,35.000000000000,38.000000000000,A,Syria,MED
'Saint-Denis',de,Reunion,#1421ba,#1421ba,2,0.101287087424,INDIAN,4342065-5,935264,-20.882310000000,55.450400000000,P,Réunion,SIO
'Georgetown',de,Guyana,#27e72d,#27e72d,2,0.101283690456,SOUTH-AMERICA,4406166-3,3378644,6.804480000000,-58.155270000000,P,Guyana,NSA
'Guyana',de,Guyana,#23e626,#23e626,2,0.101283690456,SOUTH-AMERICA,4072186-3,3378535,5.000000000000,-59.000000000000,A,Guyana,NSA
'Australien',de,Australia,#b2138a,#b2138a,2,0.101281683214,OCEANIA,4003900-6,2077456,-25.000000000000,135.000000000000,A,Australia,CAU
'Polen',de,Poland,#83ccf1,#83ccf1,2,0.101268010161,EUROPE,4046496-9,798544,52.000000000000,20.000000000000,A,Poland,WCE
'Berlin',de,Germany,#84d9f1,#84d9f1,2,0.101253747045,EUROPE,4005728-8,2950159,52.524370000000,13.410530000000,P,Germany,WCE
'Komoren',de,Comoros,#1645cc,#1645cc,2,0.101201458090,AFRICA,4265797-0,921929,-12.233330000000,44.445530000000,A,Comoros,ESAF
'Moroni',de,Comoros,#1649cd,#1649cd,2,0.101201458090,AFRICA,279040-3,921772,-11.702160000000,43.255060000000,P,Comoros,ESAF
'Fidschi',de,Fiji,#c0151b,#c0151b,2,0.101131883692,PACIFIC,4017063-9,2205218,-18.000000000000,178.000000000000,A,Fiji,SPO
'Suva',de,Fiji,#c01519,#c01519,2,0.101131883692,PACIFIC,4058679-0,2198148,-18.136830000000,178.425310000000,P,Fidschi,SPO
'Dschibuti',de,Djibouti,#3166e8,#3166e8,2,0.101042839862,AFRICA,4070610-2,223816,11.833330000000,42.500000000000,A,Djibouti,NEAF
'Mbabane',de,Eswatini,#135eaf,#135eaf,2,0.100880133710,AFRICA,4307903-9,934985,-26.316670000000,31.133330000000,P,Eswatini,ESAF
'Eswatini',de,Eswatini,#135daf,#135daf,2,0.100880133710,AFRICA,1225128579,934841,-26.500000000000,31.500000000000,A,Eswatini,ESAF
'Nikosia',de,Cyprus,#619fed,#619fed,2,0.100840855486,EUROPE-AFRICA,4075406-6,146268,35.175310000000,33.364200000000,P,Cyprus,MED
'Port Louis',de,Mauritius,#141bbc,#141bbc,2,0.100790324531,INDIAN,4116066-6,934154,-20.161940000000,57.498890000000,P,Mauritius,SIO
'Mauritius',de,Mauritius,#141bbc,#141bbc,2,0.100790324531,INDIAN,14427-7,934292,-20.300000000000,57.583330000000,A,Mauritius,SIO
'Dili',de,Timor Leste,#d417c2,#d417c2,2,0.100788660948,ASIA,7587061-7,1645457,-8.558610000000,125.573610000000,P,Timor Leste,SEA
'Timor-Leste',de,Timor Leste,#d317c1,#d317c1,2,0.100788660948,ASIA,4075765-1,1966436,-8.833330000000,125.750000000000,A,Timor Leste,SEA
'Äquatorialguinea',de,Equatorial Guinea,#1cc2e5,#1cc2e5,2,0.100763957115,AFRICA,4068436-2,2309096,1.700000000000,10.500000000000,A,Equatorial Guinea,CAF
'Malabo',de,Equatorial Guinea,#21c9e6,#21c9e6,2,0.100763957115,AFRICA,5073451-9,2309527,3.755780000000,8.781660000000,P,Equatorial Guinea,WAF
'Tallinn',de,Estonia,#92cbf2,#92cbf2,2,0.100757068751,EUROPE,5093293-7,588409,59.436960000000,24.753530000000,P,Estonia,NEU
'Estland',de,Estonia,#91c8f2,#91c8f2,2,0.100757068751,EUROPE,4015587-0,453733,59.000000000000,26.000000000000,A,Estonia,NEU
'Trinidad und Tobago',de,Trinidad and Tobago,#33e72f,#33e72f,2,0.100719497963,SOUTH-AMERICA,4060907-8,3573591,11.000000000000,-61.000000000000,A,Trinidad und Tobago,NSA
'Hafen von Spanien',de,Trinidad and Tobago,#64ede3,#64ede3,2,0.100719497963,EUROPE-AFRICA,4369748-3,9253705,36.715360000000,-4.419590000000,L,Spain,MED
'Bahrain',de,Bahrain,#4e67eb,#4e67eb,2,0.100637170352,ASIA,4004268-6,290291,26.033330000000,50.550000000000,A,Bahrain,ARP
'Manama',de,Bahrain,#4f67eb,#4f67eb,2,0.100637170352,ASIA,4100079-1,290340,26.227870000000,50.585650000000,P,Bahrain,ARP
'Pristina',de,Kosovo,#70c2ef,#70c2ef,2,0.100541917303,EUROPE-AFRICA,4220079-9,786714,42.672720000000,21.166880000000,P,Kosovo,MED
'Kosovo',de,Kosovo,#70c2ef,#70c2ef,2,0.100541917303,EUROPE-AFRICA,4032571-4,831053,42.583330000000,20.916670000000,A,Kosovo,MED
'Guinea-Bissau',de,Guinea-Bissau,#31e8ba,#31e8ba,2,0.100533529957,AFRICA,4022522-7,2372248,12.000000000000,-15.000000000000,A,Guinea-Bissau,WAF
'Bissau',de,Guinea-Bissau,#31e8b8,#31e8b8,2,0.100533529957,AFRICA,125096413X,2374775,11.863570000000,-15.597670000000,P,Guinea-Bissau,WAF
'Riga',de,Latvia,#8dc9f2,#8dc9f2,2,0.100519064728,EUROPE,4050042-1,456172,56.946000000000,24.105890000000,P,Latvia,WCE
'Lettland',de,Latvia,#8dc8f2,#8dc8f2,2,0.100519064728,EUROPE,4074187-4,458258,57.000000000000,25.000000000000,A,Latvia,WCE
'Ljubljana',de,Slovenia,#77d2ef,#77d2ef,2,0.100483705884,EUROPE,510428-2,3196359,46.051080000000,14.505130000000,P,Slovenia,WCE
'Slowenien',de,Slovenia,#77d1ef,#77d1ef,2,0.100483705884,EUROPE,4055302-4,3190538,46.083330000000,15.000000000000,A,Slovenia,WCE
'Skopje',de,North Macedonia,#6fc1ef,#6fc1ef,2,0.100480086492,EUROPE-AFRICA,10055094-0,785842,41.996460000000,21.431410000000,P,North Macedonia,MED
'Nordmazedonien',de,North Macedonia,#6ec0ee,#6ec0ee,2,0.100480086492,EUROPE-AFRICA,4114937-3,718075,41.666670000000,21.750000000000,A,North Macedonia,MED
'Maseru',de,Lesotho,#1264a9,#1264a9,2,0.100474353598,AFRICA,4371854-1,932505,-29.316670000000,27.483330000000,P,Lesotho,ESAF
'Lesotho',de,Lesotho,#1262a9,#1262a9,2,0.100474353598,AFRICA,4074183-7,932692,-29.500000000000,28.250000000000,A,Lesotho,ESAF
'Gabun',de,Gabon,#19bbe3,#19bbe3,2,0.100471859480,AFRICA,4019052-3,2400553,-1.000000000000,11.750000000000,A,Gabon,CAF
'Libreville',de,Gabon,#1ac5e5,#1ac5e5,2,0.100471859480,AFRICA,4417068-3,2399697,0.392410000000,9.453560000000,P,Gabon,CAF
'Gaborone',de,Botswana,#136eb3,#136eb3,2,0.100443630924,AFRICA,4311027-7,933773,-24.654510000000,25.908590000000,P,Botswana,ESAF
'Botswana',de,Botswana,#1476b8,#1476b8,2,0.100443630924,AFRICA,4007857-7,933860,-22.000000000000,24.000000000000,A,Botswana,WSAF
'Banjul',de,Gambia,#34e8b6,#34e8b6,2,0.100438576871,AFRICA,380396-X,2413876,13.452740000000,-16.578030000000,P,Gambia,WAF
'Gambia',de,Gambia,#35e8ba,#35e8ba,2,0.100438576871,AFRICA,4019197-7,2413451,13.500000000000,-15.500000000000,A,Gambia,WAF
'Namibia',de,Namibia,#148ab8,#148ab8,2,0.100408454185,AFRICA,4075202-1,3355338,-22.000000000000,17.000000000000,A,Namibia,WSAF
'Windhoek',de,Namibia,#1489b7,#1489b7,2,0.100408454185,AFRICA,4079332-1,3352136,-22.559410000000,17.083230000000,P,Namibia,WSAF
'Doha',de,Qatar,#4d63eb,#4d63eb,2,0.100359495369,ASIA,4552721-0,290030,25.285450000000,51.530960000000,P,Qatar,ARP
'Katar',de,Qatar,#4d64eb,#4d64eb,2,0.100359495369,ASIA,4029924-7,289688,25.500000000000,51.250000000000,A,Qatar,ARP
'Litauen',de,Lithuania,#8ac8f2,#8ac8f2,2,0.100358482943,EUROPE,4074266-0,597427,55.416670000000,24.000000000000,A,Lithuania,WCE
'Vilnius',de,Lithuania,#89c5f1,#89c5f1,2,0.100358482943,EUROPE,5057560-0,593116,54.689160000000,25.279800000000,P,Lithuania,WCE
'Tirana',de,Albania,#6dc4ee,#6dc4ee,2,0.100348872583,EUROPE-AFRICA,4270905-2,3183875,41.327500000000,19.818890000000,P,Albania,MED
'Albanien',de,Albania,#6dc3ee,#6dc3ee,2,0.100348872583,EUROPE-AFRICA,4001028-4,783754,41.000000000000,20.000000000000,A,Albania,MED
'Kingston',de,Jamaica,#6ee93e,#6ee93e,2,0.100340732336,CENTRAL-AMERICA,4198339-7,3489854,17.997020000000,-76.793580000000,P,Jamaica,CAR
'Eriwan',de,Armenia,#6b8dee,#6b8dee,2,0.100324212164,ASIA,4098059-5,616052,40.181110000000,44.513610000000,P,Armenia,WCA
'Armenien',de,Armenia,#6b8cee,#6b8cee,2,0.100324212164,ASIA,4085931-9,174982,40.250000000000,45.000000000000,A,Armenia,WCA
'Mongolei',de,Mongolia,#d177ef,#d177ef,2,0.100315436716,ASIA,4342969-5,2029969,46.000000000000,105.000000000000,A,Mongolia,ESB
'Ulaanbaatar',de,Mongolia,#d67bf0,#d67bf0,2,0.100315436716,ASIA,4061507-8,2028462,47.907710000000,106.883240000000,P,Mongolia,ESB
'San Juan',de,Puerto Rico,#50e93f,#50e93f,2,0.100312974058,CENTRAL-AMERICA,4105287-0,4568127,18.466330000000,-66.105720000000,P,Puerto Rico,CAR
'Puerto Rico',de,Puerto Rico,#51e93e,#51e93e,2,0.100312974058,CENTRAL-AMERICA,4105287-0,4566967,18.249400000000,-66.501010000000,T,Puerto Rico,CAR
'Sarajevo',de,Bosnia and Herzegovina,#72c9ef,#72c9ef,2,0.100300848785,EUROPE-AFRICA,4077016-3,3191281,43.848640000000,18.356440000000,P,Bosnia and Herzegovina,MED
'Bosnien und Herzegowina',de,Bosnia and Herzegovina,#73caef,#73caef,2,0.100300848785,EUROPE-AFRICA,4088119-2,3277605,44.250000000000,17.833330000000,A,Bosnia and Herzegovina,MED
'Montevideo',de,Uruguay,#119e1a,#119e1a,2,0.100289913980,SOUTH-AMERICA,4115214-1,3441575,-34.903280000000,-56.188160000000,P,Uruguay,SES
'Uruguay',de,Uruguay,#12a21b,#12a21b,2,0.100289913980,SOUTH-AMERICA,4062186-8,3439705,-33.000000000000,-56.000000000000,A,Uruguay,SES
'Moldawien',de,Moldova,#79b7f0,#79b7f0,2,0.100282017201,EUROPE,4039967-9,617790,47.250000000000,28.583330000000,A,Moldova,WCE
'Chișinău',de,Moldova,#79b7f0,#79b7f0,2,0.100282017201,EUROPE,1028367-5,618426,47.005560000000,28.857500000000,P,Moldova,WCE
'Georgia',de,Georgia,#6f92ef,#6f92ef,2,0.100269941962,ASIA,4022406-5,614540,41.999980000000,43.499900000000,A,Georgia,WCA
'Tiflis',de,Georgia,#6e8fee,#6e8fee,2,0.100269941962,ASIA,4060146-8,611717,41.694110000000,44.833680000000,P,Georgia,WCA
'Kroatien',de,Croatia,#75d0ef,#75d0ef,2,0.100258275602,EUROPE,4073841-3,3202326,45.166670000000,15.500000000000,A,Croatia,WCE
'Zagreb',de,Croatia,#76cfef,#76cfef,2,0.100258275602,EUROPE,10159443-4,3186886,45.814440000000,15.977980000000,P,Croatia,WCE
'Kuwait-Stadt',de,Kuwait,#5573ec,#5573ec,2,0.100241703001,ASIA,4033875-7,285787,29.369720000000,47.978330000000,P,Kuwait,ARP
'Kuwait',de,Kuwait,#5574ec,#5574ec,2,0.100241703001,ASIA,4073919-3,285570,29.500000000000,47.750000000000,A,Kuwait,ARP
'Panama',de,Panama,#6ae72b,#6ae72b,2,0.100239413552,CENTRAL-AMERICA,4044445-4,3703430,9.000000000000,-80.000000000000,A,Panama,SCA
'Panama-Stadt',de,Panama,#68e72b,#68e72b,2,0.100239413552,CENTRAL-AMERICA,4262523-3,3703443,8.993600000000,-79.519730000000,P,Panama,SCA
'Mauretanien',de,Mauritania,#42eacc,#42eacc,2,0.100227101421,AFRICA,4038051-8,2378080,20.250000000000,-10.500000000000,A,Mauritania,SAH
'Nouakchott',de,Mauritania,#3ee9bc,#3ee9bc,2,0.100227101421,AFRICA,116769-8,2377450,18.085810000000,-15.978500000000,P,Mauritania,SAH
'Bangui',de,Central African Republic,#22a9e6,#22a9e6,2,0.100214299016,AFRICA,4080257-7,2389853,4.361220000000,18.554960000000,P,Central African Republic,CAF
'Zentralafrikanische Republik',de,Central African Republic,#27a4e7,#27a4e7,2,0.100214299016,AFRICA,4067608-0,239880,7.000000000000,21.000000000000,A,Central African Republic,CAF
'Liberia',de,Liberia,#26e6c8,#26e6c8,2,0.100207512922,AFRICA,4035583-4,2275384,6.500000000000,-9.500000000000,A,Liberia,WAF
'Monrovia',de,Liberia,#26e6c4,#26e6c4,2,0.100207512922,AFRICA,4273495-2,2274895,6.300540000000,-10.796900000000,P,Liberia,WAF
'Oman',de,Oman,#444cea,#444cea,2,0.100207061501,ASIA,4075653-1,286963,21.000000000000,57.000000000000,A,Oman,ARP
'Maskat',de,Oman,#494dea,#494dea,2,0.100207061501,ASIA,4239248-2,287286,23.584130000000,58.407780000000,P,Oman,ARP
'Irland',de,Ireland,#85f1e3,#85f1e3,2,0.100206036626,EUROPE,4027667-3,2963597,53.000000000000,-8.000000000000,A,Ireland,NEU
'Dublin',de,Ireland,#86f1e6,#86f1e6,2,0.100206036626,EUROPE,4013170-1,2964574,53.333060000000,-6.248890000000,P,Ireland,NEU
'Wellington',de,New Zealand,#91101b,#91101b,2,0.100204687340,OCEANIA,4119042-7,2179537,-41.286640000000,174.775570000000,P,New Zealand,NZ
'Costa Rica',de,Costa Rica,#78e72d,#78e72d,2,0.100200022363,CENTRAL-AMERICA,4010618-4,3624060,10.000000000000,-84.000000000000,A,Costa Rica,SCA
'San José',de,Costa Rica,#78e72d,#78e72d,2,0.100200022363,CENTRAL-AMERICA,4116320-5,3621849,9.933880000000,-84.084890000000,P,Costa Rica,SCA
'Brazzaville',de,Republic of the Congo,#18aadc,#18aadc,2,0.100190680927,AFRICA,4080519-0,2260535,-4.266130000000,15.283180000000,P,Republic of the Congo,CAF
'Republik Kongo',de,Republic of the Congo,#19afe3,#19afe3,2,0.100190680927,AFRICA,4032097-2,2260494,-1.000000000000,15.500000000000,A,Republic of the Congo,CAF
'Oslo',de,Norway,#93e2f3,#93e2f3,2,0.100188170262,EUROPE,1013733-6,3143244,59.912730000000,10.746090000000,P,Norway,NEU
'Norwegen',de,Norway,#97e4f3,#97e4f3,2,0.100188170262,EUROPE,4042640-3,3144096,62.000000000000,10.000000000000,A,Norway,NEU
'Slowakei',de,Slovakia,#7ccaf0,#7ccaf0,2,0.100183586925,EUROPE,4055297-4,3057568,48.666670000000,19.500000000000,A,Slovakia,WCE
'Bratislava',de,Slovakia,#7bcff0,#7bcff0,2,0.100183586925,EUROPE,1063318696,3060972,48.148160000000,17.106740000000,P,Slovakia,WCE
'Helsinki',de,Finland,#94cbf3,#94cbf3,2,0.100181223439,EUROPE,4024351-5,658225,60.169520000000,24.935450000000,P,Finland,NEU
'Finnland',de,Finland,#9ccdf4,#9ccdf4,2,0.100181223439,EUROPE,4017243-0,660013,64.000000000000,26.000000000000,A,Finland,NEU
'Singapur',de,Singapore,#af1ce5,#af1ce5,2,0.100177346597,ASIA,7688926-9,1880252,1.289670000000,103.850070000000,P,Singapore,SEA
'Dänemark',de,Denmark,#8be1f2,#8be1f2,2,0.100172489748,EUROPE,4010877-6,2623032,56.000000000000,10.000000000000,A,Denmark,NEU
'Kopenhagen',de,Denmark,#8bdcf2,#8bdcf2,2,0.100172489748,EUROPE,4032399-7,2618425,55.675940000000,12.565530000000,P,Denmark,NEU
'Aschgabat',de,Turkmenistan,#666aee,#666aee,2,0.100170913643,ASIA,5280901-8,162183,37.950000000000,58.383330000000,P,Turkmenistan,WCA
'Turkmenistan',de,Turkmenistan,#6a6bee,#6a6bee,2,0.100170913643,ASIA,4061255-7,1218197,39.750000000000,59.666670000000,A,Turkmenistan,WCA
'Asmara',de,Eritrea,#3876e8,#3876e8,2,0.100161049735,AFRICA,4467477-6,343300,15.338050000000,38.931840000000,P,Eritrea,SAH
'Eritrea',de,Eritrea,#3875e8,#3875e8,2,0.100161049735,AFRICA,4015278-9,338010,15.000000000000,39.000000000000,A,Eritrea,SAH
'Kirgisistan',de,Kyrgyzstan,#8e6eee,#8e6eee,2,0.100158333069,ASIA,4030848-0,1527747,41.500000000000,75.000000000000,A,Kyrgyzstan,WCA
'Bischkek',de,Kyrgyzstan,#8f70ef,#8f70ef,2,0.100158333069,ASIA,3002622-2,1528675,42.870000000000,74.590000000000,P,Kyrgyzstan,WCA
'El Salvador',de,El Salvador,#16cb57,#16cb57,2,0.100155745191,SOUTH-AMERICA,2061637-5,3450554,-12.975630000000,-38.490960000000,P,Brazil,NES
'San Salvador',de,El Salvador,#8ce835,#8ce835,2,0.100155745191,CENTRAL-AMERICA,4051527-8,3583361,13.689350000000,-89.187180000000,P,El Salvador,SCA
'Nicaragua',de,Nicaragua,#7fe834,#7fe834,2,0.100154666768,CENTRAL-AMERICA,4042050-4,3617476,13.000000000000,-85.000000000000,A,Nicaragua,SCA
'Managua',de,Nicaragua,#81e832,#81e832,2,0.100154666768,CENTRAL-AMERICA,4252626-7,3617763,12.132820000000,-86.250400000000,P,Nicaragua,SCA
'Tripolis',de,Libya,#5ccdec,#5ccdec,2,0.100149732720,EUROPE-AFRICA,4106962-6,2210247,32.887430000000,13.187330000000,P,Libya,MED
'Libyen',de,Libya,#52c0eb,#52c0eb,2,0.100149732720,AFRICA,4035589-5,2215636,28.000000000000,17.000000000000,A,Libya,SAH
'Beirut',de,Lebanon,#5e98ed,#5e98ed,2,0.100146008315,EUROPE-AFRICA,4005348-9,276781,33.893320000000,35.501570000000,P,Lebanon,MED
'Asunción',de,Paraguay,#13b119,#13b119,2,0.100143759315,SOUTH-AMERICA,4003330-2,3439389,-25.286460000000,-57.647000000000,P,Paraguay,SES
'Paraguay',de,Paraguay,#14b519,#14b519,2,0.100143759315,SOUTH-AMERICA,4044601-3,3437598,-23.333330000000,-58.000000000000,A,Paraguay,SES
'Serbien',de,Serbia,#74c5ef,#74c5ef,2,0.100143223714,EUROPE-AFRICA,4054598-2,6290252,44.818920000000,20.459980000000,A,Serbia,MED
'Sofia',de,Bulgaria,#70bdef,#70bdef,2,0.100142856347,EUROPE-AFRICA,4077502-1,727011,42.697510000000,23.324150000000,P,Bulgaria,MED
'Bulgarien',de,Bulgaria,#70b9ef,#70b9ef,2,0.100142856347,EUROPE-AFRICA,4008866-2,732800,42.666670000000,25.250000000000,A,Bulgaria,MED
'Laos',de,Laos,#be3ee9,#be3ee9,2,0.100141612831,ASIA,4034571-3,1655842,18.000000000000,105.000000000000,A,Laos,SEA
'Vientiane',de,Laos,#b73ee9,#b73ee9,2,0.100141612831,ASIA,4350641-0,1651944,17.966670000000,102.600000000000,P,Laos,SEA
'Hongkong',de,Hong Kong,#da46ea,#da46ea,2,0.100135206831,ASIA,1318138531,1819729,22.278320000000,114.174690000000,P,Hong Kong,EAS
'Freetown',de,Sierra Leone,#2ae7bd,#2ae7bd,2,0.100130716323,AFRICA,1164112287,2409306,8.487140000000,-13.235600000000,P,Sierra Leone,WAF
'Sierra Leone',de,Sierra Leone,#2ae7c3,#2ae7c3,2,0.100130716323,AFRICA,4054908-2,2403846,8.500000000000,-11.500000000000,A,Sierra Leone,WAF
'Togo',de,Togo,#2be4e7,#2be4e7,2,0.100126757268,AFRICA,4060344-1,2363686,8.666670000000,1.083330000000,A,Togo,WAF
'Lomé',de,Togo,#26e2e6,#26e2e6,2,0.100126757268,AFRICA,4111368-8,2365267,6.128740000000,1.221540000000,P,Togo,WAF
'Juba',de,South Sudan,#237fe6,#237fe6,2,0.100121058194,AFRICA,7741860-8,373303,4.851650000000,31.582470000000,P,South Sudan,NEAF
'Südsudan',de,South Sudan,#2887e7,#2887e7,2,0.100121058194,AFRICA,7755222-2,7909807,7.500000000000,30.000000000000,A,South Sudan,NEAF
'Schweiz',de,Switzerland,#79e0f0,#79e0f0,2,0.100117418535,EUROPE,4053881-3,2658434,47.000160000000,8.014270000000,A,Switzerland,WCE
'Bern',de,Switzerland,#79e1f0,#79e1f0,2,0.100117418535,EUROPE,4005762-8,2661552,46.948090000000,7.447440000000,P,Switzerland,WCE
'Papua-Neuguinea',de,Papua New Guinea,#db189a,#db189a,2,0.100116193735,ASIA,4731020-0,2082514,-5.000000000000,140.000000000000,T,Indonesia,SEA
'Port Moresby',de,Papua New Guinea,#d2177d,#d2177d,2,0.100116193735,ASIA,4116059-9,2088122,-9.477230000000,147.150890000000,P,Papua New Guinea,SEA
'Österreich',de,Austria,#7ad5f0,#7ad5f0,2,0.100113032194,EUROPE,4043271-3,2782113,47.333330000000,13.333330000000,A,Austria,WCE
'Wien',de,Austria,#7bd0f0,#7bd0f0,2,0.100113032194,EUROPE,4066009-6,2761369,48.208490000000,16.372080000000,P,Austria,WCE
'Tadschikistan',de,Tajikistan,#8169ee,#8169ee,2,0.100109880003,ASIA,1016800-X,1220409,39.000000000000,71.000000000000,A,Tajikistan,WCA
'Duschanbe',de,Tajikistan,#7b68ee,#7b68ee,2,0.100109880003,ASIA,130436-7,1221874,38.535750000000,68.779050000000,P,Tajikistan,WCA
'Minsk',de,Belarus,#87c0f1,#87c0f1,2,0.100105425335,EUROPE,4039510-8,625144,53.900000000000,27.566670000000,P,Belarus,WCE
'Weißrussland',de,Belarus,#85bff1,#85bff1,2,0.100105425335,EUROPE,1009143-9,630336,53.000000000000,28.000000000000,A,Belarus,WCE
'Honduras',de,Honduras,#86e838,#86e838,2,0.100104302238,CENTRAL-AMERICA,4025814-2,3608932,15.000000000000,-86.500000000000,A,Honduras,SCA
'Tegucigalpa',de,Honduras,#87e836,#87e836,2,0.100104302238,CENTRAL-AMERICA,4344631-0,3600949,14.081800000000,-87.206810000000,P,Honduras,SCA
'Abu Dhabi',de,United Arab Emirates,#4b5aeb,#4b5aeb,2,0.100103831820,ASIA,4000287-1,292968,24.451180000000,54.396960000000,P,United Arab Emirates,ARP
'Budapest',de,Hungary,#7acaf0,#7acaf0,2,0.100102366876,EUROPE,4008684-7,3054643,47.498350000000,19.040450000000,P,Hungary,WCE
'Amman',de,Jordan,#5a95ec,#5a95ec,2,0.100100441834,EUROPE-AFRICA,4192430-7,250441,31.955220000000,35.945030000000,P,Jordan,MED
'Stockholm',de,Sweden,#92d5f2,#92d5f2,2,0.100098201200,EUROPE,4425212-2,2673730,59.329380000000,18.068710000000,P,Schweden,NEU
'Schweden',de,Sweden,#97dcf3,#97dcf3,2,0.100098201200,EUROPE,4077258-5,2661886,62.000000000000,15.000000000000,A,Sweden,NEU
'Baku',de,Azerbaijan,#6b81ee,#6b81ee,2,0.100097800467,ASIA,4080246-2,587084,40.377670000000,49.892010000000,P,Azerbaijan,WCA
'Aserbaidschan',de,Azerbaijan,#6c87ee,#6c87ee,2,0.100097800467,ASIA,1023252-7,587116,40.500000000000,47.500000000000,A,Azerbaijan,WCA
'Prag',de,Czechia,#7fd5f0,#7fd5f0,2,0.100094111491,EUROPE,4076310-9,3067696,50.088040000000,14.420760000000,P,Czechia,WCE
'Tschechien',de,Czechia,#7ed4f0,#7ed4f0,2,0.100094111491,EUROPE,4303381-7,3077311,49.750000000000,15.000000000000,A,Czechia,WCE
'Santo Domingo',de,Dominican Republic,#5ee940,#5ee940,2,0.100094098473,CENTRAL-AMERICA,4012694-8,3508796,19.000000000000,-70.666670000000,A,Dominican Republic,CAR
'Dominikanische Republik',de,Dominican Republic,#5ee940,#5ee940,2,0.100094098473,CENTRAL-AMERICA,4012694-8,3508796,19.000000000000,-70.666670000000,A,Dominican Republic,CAR
'Athen',de,Greece,#66b8ee,#66b8ee,2,0.100093216904,EUROPE-AFRICA,4003366-1,264371,37.983760000000,23.727840000000,P,Greece,MED
'Griechenland',de,Greece,#69bdee,#69bdee,2,0.100093216904,EUROPE-AFRICA,4022047-3,390903,39.000000000000,22.000000000000,A,Greece,MED
'Serbien und Montenegro',de,Serbia and Montenegro,#74c5ef,#74c5ef,2,0.100092343138,EUROPE-AFRICA,4032571-4,8505033,44.817400000000,20.463410000000,A,Serbia,MED
'Belgrad',de,Serbia and Montenegro,#74c5ef,#74c5ef,2,0.100092343138,EUROPE-AFRICA,4005411-1,792680,44.804010000000,20.465130000000,P,Serbia,MED
'Port-au-Prince',de,Haiti,#62e93f,#62e93f,2,0.100089902380,CENTRAL-AMERICA,4116064-2,3718426,18.543490000000,-72.338810000000,P,Haiti,CAR
'Burundi',de,Burundi,#187bde,#187bde,2,0.100089482432,AFRICA,4009181-8,433561,-3.500000000000,30.000000000000,A,Burundi,SEAF
'Gitega',de,Burundi,#187bde,#187bde,2,0.100089482432,AFRICA,4806037-9,426272,-3.427080000000,29.924630000000,P,Burundi,SEAF
'Havanna',de,Cuba,#85ea48,#85ea48,2,0.100088197903,CENTRAL-AMERICA,4023865-9,3553478,23.133020000000,-82.383040000000,P,Cuba,CAR
'Brüssel',de,Belgium,#81e8f1,#81e8f1,2,0.100087549820,EUROPE,4008460-7,2800866,50.850450000000,4.348780000000,P,Belgium,WCE
'Benin',de,Benin,#2ce0e7,#2ce0e7,2,0.100087069728,AFRICA,4005503-6,2395170,9.500000000000,2.250000000000,A,Benin,WAF
'Porto-Novo',de,Benin,#26dee6,#26dee6,2,0.100087069728,AFRICA,4116069-1,2392087,6.496460000000,2.603590000000,P,Benin,WAF
'Tunesien',de,Tunisia,#5ed7ed,#5ed7ed,2,0.100086466266,EUROPE-AFRICA,4061206-5,2464461,34.000000000000,9.000000000000,A,Tunisia,MED
'Tunis',de,Tunisia,#5ed7ed,#5ed7ed,2,0.100086466266,EUROPE-AFRICA,4061206-5,2464461,34.000000000000,9.000000000000,A,Tunisia,MED
'Ruanda',de,Rwanda,#197de1,#197de1,2,0.100081287999,AFRICA,4076910-0,49518,-2.000000000000,30.000000000000,A,Rwanda,SEAF
'Kigali',de,Rwanda,#197de1,#197de1,2,0.100081287999,AFRICA,4495092-5,202061,-1.949950000000,30.058850000000,P,Rwanda,SEAF
'Guinea',de,Guinea,#2fe7c7,#2fe7c7,2,0.100080552150,AFRICA,4022520-3,2420477,10.833330000000,-10.666670000000,A,Guinea,WAF
'Conakry',de,Guinea,#2ce7bd,#2ce7bd,2,0.100080552150,AFRICA,4598760-9,2422465,9.537950000000,-13.677290000000,P,Guinea,WAF
'Mogadischu',de,Somalia,#1d4ee5,#1d4ee5,2,0.100066630446,AFRICA,4210605-9,53654,2.037110000000,45.343750000000,P,Somalia,SEAF
'Somalia',de,Somalia,#254ce6,#254ce6,2,0.100066630446,AFRICA,4077509-4,51537,6.000000000000,48.000000000000,A,Somalia,NEAF
'N'Djamena',de,Chad,#32bae8,#32bae8,2,0.100064608870,AFRICA,4458502-0,2427123,12.106720000000,15.044400000000,P,Chad,CAF
'Tschad',de,Chad,#38b0e8,#38b0e8,2,0.100064608870,AFRICA,4061074-3,2434508,15.000000000000,19.000000000000,A,Chad,SAH
'Senegal',de,Senegal,#37e8be,#37e8be,2,0.100063074132,AFRICA,4054529-5,2245662,14.500000000000,-14.250000000000,A,Senegal,WAF
'Dakar',de,Senegal,#37e8b5,#37e8b5,2,0.100063074132,AFRICA,4010921-5,2253354,14.693700000000,-17.444060000000,P,Senegal,WAF
'Phnom Penh',de,Cambodia,#ba31e8,#ba31e8,2,0.100061539227,ASIA,4045819-2,1821306,11.562450000000,104.916010000000,P,Cambodia,SEA
'Kambodscha',de,Cambodia,#bb34e8,#bb34e8,2,0.100061539227,ASIA,4029400-6,1831722,13.000000000000,105.000000000000,A,Cambodia,SEA
'Harare',de,Zimbabwe,#1568c1,#1568c1,2,0.100059282414,AFRICA,1029061-8,890299,-17.827720000000,31.053370000000,P,Zimbabwe,ESAF
'Simbabwe',de,Zimbabwe,#156abe,#156abe,2,0.100059282414,AFRICA,4049850-5,878675,-19.000000000000,29.750000000000,A,Zimbabwe,ESAF
'Damaskus',de,Syria,#5d96ed,#5d96ed,2,0.100059149607,EUROPE-AFRICA,4010956-2,170654,33.510200000000,36.291280000000,P,Syria,MED
'Quito',de,Ecuador,#58e519,#58e519,2,0.100058533078,SOUTH-AMERICA,4116883-5,3652462,-0.229850000000,-78.524950000000,P,Ecuador,NWS
'Ecuador',de,Ecuador,#56e219,#56e219,2,0.100058533078,SOUTH-AMERICA,4129321-6,3658394,-1.250000000000,-78.250000000000,A,Ecuador,NWS
'Amsterdam',de,The Netherlands,#84e8f1,#84e8f1,2,0.100058034880,EUROPE,4001783-7,2759794,52.374030000000,4.889690000000,P,The Netherlands,NEU
'Die Niederlande',de,The Netherlands,#84e8f1,#84e8f1,2,0.100058034880,EUROPE,4395945-3,2753842,52.414880000000,5.026490000000,H,The Netherlands,NEU
'Guatemala',de,Guatemala,#91e939,#91e939,2,0.100057978385,CENTRAL-AMERICA,4022428-4,3595528,15.500000000000,-90.250000000000,A,Guatemala,SCA
'Guatemala-Stadt',de,Guatemala,#91e837,#91e837,2,0.100057978385,CENTRAL-AMERICA,4022429-6,3598132,14.640720000000,-90.513270000000,P,Guatemala,SCA
'Sambia',de,Zambia,#1673c8,#1673c8,2,0.100057630836,AFRICA,4076986-0,895949,-14.333330000000,28.500000000000,A,Zambia,ESAF
'Lusaka',de,Zambia,#1673c6,#1673c6,2,0.100057630836,AFRICA,4036697-2,909137,-15.406690000000,28.287130000000,P,Zambia,ESAF
'Lilongwe',de,Malawi,#1664c9,#1664c9,2,0.100056935453,AFRICA,4111306-8,927967,-13.966920000000,33.787250000000,P,Malawi,ESAF
'Malawi',de,Malawi,#1664c9,#1664c9,2,0.100056935453,AFRICA,4074495-4,927384,-13.500000000000,34.000000000000,A,Malawi,ESAF
'Kasachstan',de,Kazakhstan,#8b7bf0,#8b7bf0,2,0.100054715074,ASIA,1009150-6,1522867,48.000000000000,68.000000000000,A,Kazakhstan,WSB
'Nur-Sultan',de,Kazakhstan,#9781f1,#9781f1,2,0.100054715074,ASIA,4449241-8,1526273,51.180100000000,71.445980000000,P,Kazakhstan,WSB
'Santiago',de,Chile,#2ba111,#2ba111,2,0.100053392678,SOUTH-AMERICA,4122723-2,3871336,-33.456940000000,-70.648270000000,P,Chile,SWS
'Chile',de,Chile,#2ea812,#2ea812,2,0.100053392678,SOUTH-AMERICA,4009929-5,3895114,-30.000000000000,-71.000000000000,A,Chile,SWS
'Bamako',de,Mali,#33e8d0,#33e8d0,2,0.100052417248,AFRICA,4086612-9,2460596,12.609150000000,-7.975220000000,P,Mali,WAF
'Mali',de,Mali,#3ee9e3,#3ee9e3,2,0.100052417248,AFRICA,4074505-3,2453866,18.000000000000,-2.000000000000,A,Mali,SAH
'Bukarest',de,Romania,#74b9ef,#74b9ef,2,0.100051350687,EUROPE-AFRICA,4008858-3,683506,44.432250000000,26.106260000000,P,Romania,MED
'Rumänien',de,Romania,#77bdef,#77bdef,2,0.100051350687,EUROPE,4050939-4,798549,46.000000000000,25.000000000000,A,Romania,WCE
'Ouagadougou',de,Burkina Faso,#32e8e3,#32e8e3,2,0.100050628976,AFRICA,4044209-3,2357048,12.365660000000,-1.533880000000,P,Burkina Faso,WAF
'Burkina Faso',de,Burkina Faso,#32e8e3,#32e8e3,2,0.100050628976,AFRICA,15612-7,2361809,12.500000000000,-1.666670000000,A,Burkina Faso,WAF
'Sri Lanka',de,Sri Lanka,#6a29e7,#6a29e7,2,0.100046146747,INDIAN,4009696-8,1227603,7.750000000000,80.750000000000,A,Sri Lanka,BOB
'Colombo',de,Sri Lanka,#6627e7,#6627e7,2,0.100046146747,INDIAN,4010404-7,1248991,6.935480000000,79.848680000000,P,Sri Lanka,EIO
'Niamey',de,Niger,#35e2e8,#35e2e8,2,0.100044557426,AFRICA,4294467-3,2440485,13.513660000000,2.109800000000,P,Niger,WAF
'Niger',de,Niger,#3ecfe9,#3ecfe9,2,0.100044557426,AFRICA,4042298-7,2440476,18.000000000000,9.000000000000,A,Niger,SAH
'Taiwan',de,Taiwan,#ea4ae8,#ea4ae8,2,0.100042640583,ASIA,4017875-4,1668284,24.000000000000,121.000000000000,A,Taiwan,EAS
'Taipeh',de,Taiwan,#eb4ce7,#eb4ce7,2,0.100042640583,ASIA,4078134-3,1668341,25.053060000000,121.526390000000,P,Taiwan,EAS
'Canberra',de,Australia,#9d1159,#9d1159,2,0.100040012213,OCEANIA,4085133-3,2172517,-35.283460000000,149.128070000000,P,Australia,SAU
'Yamoussoukro',de,Ivory Coast,#27e7d6,#27e7d6,2,0.100039889539,AFRICA,4430797-4,2279755,6.820550000000,-5.276740000000,P,Ivory Coast,WAF
'Elfenbeinküste',de,Ivory Coast,#29e7d5,#29e7d5,2,0.100039889539,AFRICA,4014426-4,2287781,8.000000000000,-5.500000000000,A,Ivory Coast,WAF
'Yaoundé',de,Cameroon,#21c0e6,#21c0e6,2,0.100039656988,AFRICA,4119193-6,2220957,3.866670000000,11.516670000000,P,Cameroon,CAF
'Kamerun',de,Cameroon,#25bee6,#25bee6,2,0.100039656988,AFRICA,4029413-4,2233387,6.000000000000,12.500000000000,A,Cameroon,CAF
'Nordkorea',de,North Korea,#ee6bdf,#ee6bdf,2,0.100039139221,ASIA,4075468-6,1873107,40.000000000000,127.000000000000,A,North Korea,EAS
'Pjöngjang',de,North Korea,#ee69e1,#ee69e1,2,0.100039139221,ASIA,4285178-6,1871859,39.033850000000,125.754320000000,P,North Korea,EAS
'Madagaskar',de,Madagascar,#1439bc,#1439bc,2,0.100038077298,AFRICA,4074425-5,1062947,-20.000000000000,47.000000000000,A,Madagascar,MDG
'Antananarivo',de,Madagascar,#1538be,#1538be,2,0.100038077298,AFRICA,4212652-6,1070940,-18.913680000000,47.536130000000,P,Madagascar,MDG
'Nepal',de,Nepal,#8f52eb,#8f52eb,2,0.100035602556,ASIA,4041612-4,1282988,28.000000000000,84.000000000000,A,Nepal,TIB
'Kathmandu',de,Nepal,#9252eb,#9252eb,2,0.100035602556,ASIA,4030036-5,1283240,27.701690000000,85.320600000000,P,Nepal,TIB
'Jemen',de,Yemen,#395de9,#395de9,2,0.100035089336,ASIA,4073009-8,69543,15.500000000000,47.500000000000,A,Yemen,ARP
'Sanaa',de,Yemen,#3867e8,#3867e8,2,0.100035089336,ASIA,4051533-3,71137,15.354720000000,44.206670000000,P,Yemen,ARP
'Caracas',de,Venezuela,#44e72e,#44e72e,2,0.100034637799,SOUTH-AMERICA,4009457-1,3646738,10.488010000000,-66.879190000000,P,Venezuela,NSA
'Venezuela',de,Venezuela,#3ce729,#3ce729,2,0.100034637799,SOUTH-AMERICA,4062512-6,3625428,8.000000000000,-66.000000000000,A,Venezuela,NSA
'Mosambik',de,Mozambique,#155cc0,#155cc0,2,0.100033902946,AFRICA,4039786-5,1036973,-18.250000000000,35.000000000000,A,Mozambique,ESAF
'Maputo',de,Mozambique,#135bb0,#135bb0,2,0.100033902946,AFRICA,1038246-X,1040652,-25.965530000000,32.583220000000,P,Mozambique,ESAF
'Ghana',de,Ghana,#2ae7e3,#2ae7e3,2,0.100033594127,AFRICA,4020949-0,2300660,8.100000000000,-1.200000000000,A,Ghana,WAF
'Accra',de,Ghana,#24e6e6,#24e6e6,2,0.100033594127,AFRICA,4000338-3,2306104,5.556020000000,-0.196900000000,P,Ghana,WAF
'Luanda',de,Angola,#17aad3,#17aad3,2,0.100032457245,AFRICA,4099838-1,2240449,-8.836820000000,13.234320000000,P,Angola,CAF
'Angola',de,Angola,#1694cb,#1694cb,2,0.100032457245,AFRICA,4002050-2,3351879,-12.500000000000,18.500000000000,A,Angola,WSAF
'Malaysia',de,Malaysia,#cd1ee6,#cd1ee6,2,0.100031717250,ASIA,4037203-0,1733045,2.500000000000,112.500000000000,A,Malaysia,SEA
'Kuala Lumpur',de,Malaysia,#a91fe6,#a91fe6,2,0.100031717250,ASIA,4110404-3,1735161,3.141200000000,101.686530000000,P,Malaysia,SEA
'Lima',de,Peru,#4acc16,#4acc16,2,0.100031260496,SOUTH-AMERICA,4035742-9,3936456,-12.043180000000,-77.028240000000,P,Peru,NWS
'Peru',de,Peru,#46d117,#46d117,2,0.100031260496,SOUTH-AMERICA,4045312-1,3932488,-10.000000000000,-75.250000000000,A,Peru,NWS
'Usbekistan',de,Uzbekistan,#766eee,#766eee,2,0.100030344041,ASIA,4062199-6,1512440,41.666670000000,63.833330000000,A,Uzbekistan,WCA
'Taschkent',de,Uzbekistan,#816dee,#816dee,2,0.100030344041,ASIA,4059096-3,1512569,41.264650000000,69.216270000000,P,Uzbekistan,WCA
'Riad',de,Saudi Arabia,#4b6feb,#4b6feb,2,0.100029673637,ASIA,4015384-8,108410,24.687730000000,46.721850000000,P,Saudi Arabia,ARP
'Saudi-Arabien',de,Saudi Arabia,#4c74eb,#4c74eb,2,0.100029673637,ASIA,4051788-3,102358,25.000000000000,45.000000000000,A,Saudi Arabia,ARP
'Rabat',de,Morocco,#5eeddd,#5eeddd,2,0.100027755313,EUROPE-AFRICA,4076467-9,2538475,34.013250000000,-6.832550000000,P,Morocco,MED
'Marokko',de,Morocco,#53ebd2,#53ebd2,2,0.100027755313,AFRICA,4037680-1,2542007,28.500000000000,-10.000000000000,A,Morocco,SAH
'Kanada',de,Canada,#e9f394,#e9f394,2,0.100026984103,NORTH-AMERICA,4029456-0,6251999,60.108670000000,-113.642580000000,A,Canada,NWN
'Ottawa',de,Canada,#95ef76,#95ef76,2,0.100026984103,NORTH-AMERICA,4122012-2,6094817,45.411170000000,-75.698120000000,P,Canada,ENA
'Afghanistan',de,Afghanistan,#6b5cec,#6b5cec,2,0.100026901690,ASIA,4000687-6,1149361,33.000000000000,66.000000000000,A,Afghanistan,WCA
'Kabul',de,Afghanistan,#755fed,#755fed,2,0.100026901690,ASIA,4029127-3,1138958,34.528130000000,69.172330000000,P,Afghanistan,WCA
'Warschau',de,Poland,#84cbf1,#84cbf1,2,0.100026330654,EUROPE,4079048-4,756135,52.229770000000,21.011780000000,P,Poland,WCE
'Irak',de,Iraq,#5c83ec,#5c83ec,2,0.100026018900,ASIA,4072920-5,99237,33.000000000000,44.000000000000,A,Iraq,WCA
'Bagdad',de,Iraq,#5d82ed,#5d82ed,2,0.100026018900,ASIA,4004237-6,98182,33.340580000000,44.400880000000,P,Iraq,WCA
'Sudan',de,Sudan,#3a91e9,#3a91e9,2,0.100023922568,AFRICA,4058378-8,366755,16.000000000000,30.000000000000,A,Sudan,SAH
'Khartum',de,Sudan,#3989e9,#3989e9,2,0.100023922568,AFRICA,4110249-6,379252,15.551770000000,32.532410000000,P,Sudan,SAH
'Algier',de,Algeria,#64e6ed,#64e6ed,2,0.100023680729,EUROPE-AFRICA,4084955-7,2507480,36.732250000000,3.087460000000,P,Algeria,MED
'Algerien',de,Algeria,#52e4eb,#52e4eb,2,0.100023680729,AFRICA,4001179-3,2589581,28.000000000000,3.000000000000,A,Algeria,SAH
'Kampala',de,Uganda,#1a77e5,#1a77e5,2,0.100023406520,AFRICA,4109986-2,232422,0.316280000000,32.582190000000,P,Uganda,SEAF
'Uganda',de,Uganda,#1c78e5,#1c78e5,2,0.100023406520,AFRICA,4061457-8,226074,1.250000000000,32.500000000000,A,Uganda,SEAF
'Argentinien',de,Argentina,#1ba011,#1ba011,2,0.100022474687,SOUTH-AMERICA,4002890-2,3865483,-34.000000000000,-64.000000000000,A,Argentina,SES
'Buenos Aires',de,Argentina,#119e15,#119e15,2,0.100022474687,SOUTH-AMERICA,4008756-6,3435910,-34.613150000000,-58.377230000000,P,Argentina,SES
'Kiew',de,Ukraine,#80b7f0,#80b7f0,2,0.100022410211,EUROPE,4030522-3,703448,50.454660000000,30.523800000000,P,Ukraine,WCE
'Madrid',de,Spain,#6beee6,#6beee6,2,0.100021402392,EUROPE-AFRICA,4036862-2,3117735,40.416500000000,-3.702560000000,P,Spain,MED
'Spanien',de,Spain,#6beee5,#6beee5,2,0.100021402392,EUROPE-AFRICA,4055964-6,2510769,40.000000000000,-4.000000000000,A,Spain,MED
'Bogotá',de,Colombia,#50e622,#50e622,2,0.100020141520,SOUTH-AMERICA,4007557-6,3688689,4.609710000000,-74.081750000000,P,Colombia,NWS
'Kolumbien',de,Colombia,#4de621,#4de621,2,0.100020141520,SOUTH-AMERICA,4031812-6,3686110,4.000000000000,-73.250000000000,A,Colombia,NWS
'Kenia',de,Kenya,#1b65e5,#1b65e5,2,0.100019457899,AFRICA,4030236-2,192950,1.000000000000,38.000000000000,A,Kenya,SEAF
'Nairobi',de,Kenya,#1967e2,#1967e2,2,0.100019457899,AFRICA,4041172-2,184745,-1.283330000000,36.816670000000,P,Kenya,SEAF
'Südkorea',de,South Korea,#ed63db,#ed63db,2,0.100019366613,ASIA,4078029-6,1835841,36.500000000000,127.750000000000,A,South Korea,EAS
'Seoul',de,South Korea,#ee66de,#ee66de,2,0.100019366613,ASIA,110416-0,1835848,37.566000000000,126.978400000000,P,South Korea,EAS
'Tansania',de,Tanzania,#1868d9,#1868d9,2,0.100017756203,AFRICA,4078149-5,149590,-6.000000000000,35.000000000000,A,Tanzania,SEAF
'Dodoma',de,Tanzania,#1866d8,#1866d8,2,0.100017756203,AFRICA,4012582-8,160196,-6.172210000000,35.739470000000,P,Tanzania,SEAF
'Pretoria',de,South Africa,#1367b0,#1367b0,2,0.100017307140,AFRICA,4116098-8,964137,-25.744860000000,28.187830000000,P,South Africa,ESAF
'Südafrika',de,South Africa,#126daa,#126daa,2,0.100017307140,AFRICA,4078012-0,953987,-29.000000000000,24.000000000000,A,South Africa,WSAF
'London',de,United Kingdom,#82f1f0,#82f1f0,2,0.100015040084,EUROPE,4074335-4,2643743,51.508530000000,-0.125740000000,P,United Kingdom,NEU
'Vereinigtes Königreich',de,United Kingdom,#89f1ed,#89f1ed,2,0.100015040084,EUROPE,4022153-2,2635167,54.758440000000,-2.695310000000,A,United Kingdom,NEU
'Frankreich',de,France,#77ebef,#77ebef,2,0.100014928215,EUROPE,4018145-5,3017382,46.000000000000,2.000000000000,A,France,WCE
'Paris',de,France,#7decf0,#7decf0,2,0.100014928215,EUROPE,4044660-8,2988507,48.853410000000,2.348800000000,P,France,WCE
'Thailand',de,Thailand,#b139e9,#b139e9,2,0.100014403302,ASIA,4078228-1,1605651,15.500000000000,101.000000000000,A,Thailand,SEA
'Bangkok',de,Thailand,#ae35e8,#ae35e8,2,0.100014403302,ASIA,4004432-4,1609350,13.753980000000,100.501440000000,P,Thailand,SEA
'Iran',de,Iran,#5a6bec,#5a6bec,2,0.100012224899,ASIA,4027653-3,130758,32.000000000000,53.000000000000,A,Iran,WCA
'Teheran',de,Iran,#6276ed,#6276ed,2,0.100012224899,ASIA,4059304-6,112931,35.694390000000,51.421510000000,P,Iran,WCA
'Kinshasa',de,Democratic Republic of the Congo,#18aadc,#18aadc,2,0.100011895120,AFRICA,1028447-3,2314302,-4.327580000000,15.313570000000,P,Democratic Republic of the Congo,CAF
'Demokratische Republik Kongo',de,Democratic Republic of the Congo,#1892e0,#1892e0,2,0.100011895120,AFRICA,4067357-1,203312,-2.500000000000,23.500000000000,A,Democratic Republic of the Congo,CAF
'Vietnam',de,Vietnam,#c53ae9,#c53ae9,2,0.100010466777,ASIA,4063514-4,1562822,16.166670000000,107.833330000000,A,Vietnam,SEA
'Hanoi',de,Vietnam,#c344ea,#c344ea,2,0.100010466777,ASIA,4094713-0,1581130,21.024500000000,105.841170000000,P,Vietnam,EAS
'Kairo',de,Egypt,#569eec,#569eec,2,0.100010160165,EUROPE-AFRICA,4029236-8,360630,30.062630000000,31.249670000000,P,Egypt,MED
'Ägypten',de,Egypt,#509eeb,#509eeb,2,0.100010160165,AFRICA,4000556-2,357994,27.000000000000,30.000000000000,A,Egypt,SAH
'Manila',de,Philippines,#e837e5,#e837e5,2,0.100009376296,ASIA,4037344-7,1701668,14.604200000000,120.982200000000,P,Philippines,SEA
'Philippinen',de,Philippines,#e834e0,#e834e0,2,0.100009376296,ASIA,4045771-0,1694008,13.408820000000,122.561550000000,A,Philippines,SEA
'Äthiopien',de,Ethiopia,#2b6be7,#2b6be7,2,0.100009155450,AFRICA,4000639-6,337996,9.000000000000,39.500000000000,A,Ethiopia,NEAF
'Addis Abeba',de,Ethiopia,#2b6ee7,#2b6ee7,2,0.100009155450,AFRICA,4000459-4,344979,9.024970000000,38.746890000000,P,Ethiopia,NEAF
'Mexiko',de,Mexico,#baea48,#baea48,2,0.100007924509,CENTRAL-AMERICA,4039058-5,3996063,23.000000000000,-102.000000000000,A,Mexico,NCA
'Mexiko-Stadt',de,Mexico,#afe941,#afe941,2,0.100007924509,CENTRAL-AMERICA,4039060-3,3530597,19.428470000000,-99.127660000000,P,Mexico,NCA
'Japan',de,Japan,#ed62bf,#ed62bf,2,0.100007903320,ASIA,4028495-5,1861060,35.685360000000,139.753090000000,A,Japan,EAS
'Tokio',de,Japan,#ed62bf,#ed62bf,2,0.100007903320,ASIA,4078337-6,1850147,35.689500000000,139.691710000000,P,Japan,EAS
'Moskau',de,Russia,#8bb1f2,#8bb1f2,2,0.100006921467,EUROPE,4074987-3,524901,55.752220000000,37.615560000000,P,Russia,WCE
'Bangladesch',de,Bangladesh,#9a4aea,#9a4aea,2,0.100006197475,ASIA,4130903-0,1210997,24.000000000000,90.000000000000,A,Bangladesh,SAS
'Dhaka',de,Bangladesh,#9b49ea,#9b49ea,2,0.100006197475,ASIA,4230727-2,1185241,23.710400000000,90.407440000000,P,Bangladesh,SAS
'Nigeria',de,Nigeria,#2dcee7,#2dcee7,2,0.100005105304,AFRICA,4042300-1,2328926,10.000000000000,8.000000000000,A,Nigeria,WAF
'Abuja',de,Nigeria,#2bd0e7,#2bd0e7,2,0.100005105304,AFRICA,4365226-8,2352778,9.057850000000,7.495080000000,P,Nigeria,WAF
'Brasilien',de,Brazil,#17d126,#17d126,2,0.100004773969,SOUTH-AMERICA,4008003-1,3469034,-10.000000000000,-55.000000000000,A,Brazil,SAM
'Brasilia',de,Brazil,#17d126,#17d126,2,0.100004773969,SOUTH-AMERICA,4008003-1,3469034,-10.000000000000,-55.000000000000,A,Brazil,SAM
'Islamabad',de,Pakistan,#7d5eed,#7d5eed,2,0.100004712202,ASIA,7678172-0,1176615,33.721480000000,73.043290000000,P,Pakistan,WCA
'Pakistan',de,Pakistan,#6f56ec,#6f56ec,2,0.100004712202,ASIA,4075812-6,1168579,30.000000000000,70.000000000000,A,Pakistan,WCA
'Jakarta',de,Indonesia,#ae18d8,#ae18d8,2,0.100003736035,ASIA,64162-5,1642911,-6.214620000000,106.845130000000,P,Indonesia,SEA
'Indonesien',de,Indonesia,#db18db,#db18db,2,0.100003736035,ASIA,4026761-1,1643084,-5.000000000000,120.000000000000,A,Indonesia,SEA
'Washington',de,United States,#8eee68,#8eee68,2,0.100003056539,NORTH-AMERICA,4064682-8,4140963,38.895110000000,-77.036370000000,P,United States,ENA
'Vereinigte Staaten',de,United States,#bfee6a,#bfee6a,2,0.100003056539,NORTH-AMERICA,4078704-7,6252001,39.760000000000,-98.500000000000,A,United States,CNA
'Indien',de,India,#7a46ea,#7a46ea,2,0.100000739307,ASIA,4026722-2,1269750,22.000000000000,79.000000000000,A,India,SAS
'Neu-Delhi',de,India,#7f53eb,#7f53eb,2,0.100000739307,ASIA,4011371-1,1261481,28.621370000000,77.214800000000,P,India,SAS
'Peking',de,China,#e66aee,#e66aee,2,0.100000708326,ASIA,4075971-4,1816670,39.907500000000,116.397230000000,P,China,EAS
